{"textures":{"0":"modelengine:entity/🐈娘"},"elements":[{"name":"leftarm","from":[6.8059998,4.3999996,5.6],"to":[9.206,8.0,8.0],"rotation":{"angle":0.0,"axis":"x","origin":[4.3999996,-2.8000002,6.8]},"faces":{"down":{"uv":[10.0,5.5,11.0,8.0],"rotation":0,"texture":"#0","tintindex":0},"east":{"uv":[10.0,5.5,11.0,8.0],"rotation":0,"texture":"#0","tintindex":0},"north":{"uv":[10.0,5.5,11.0,8.0],"rotation":0,"texture":"#0","tintindex":0},"south":{"uv":[10.0,5.5,11.0,8.0],"rotation":0,"texture":"#0","tintindex":0},"up":{"uv":[10.0,5.5,11.0,8.0],"rotation":0,"texture":"#0","tintindex":0},"west":{"uv":[10.0,5.5,11.0,8.0],"rotation":0,"texture":"#0","tintindex":0}}}],"display":{"head":{"translation":[0.0,-6.4,0.0],"rotation":[0.0,0.0,0.0],"scale":[3.8095,3.8095,3.8095]}}}