{"textures":{"0":"modelengine:entity/🐈娘"},"elements":[{"name":"leftleg","from":[6.8059998,4.3999996,8.0],"to":[9.206,8.0,10.4],"rotation":{"angle":0.0,"axis":"x","origin":[9.2,4.3999996,9.2]},"faces":{"down":{"uv":[5.25,14.5,4.0,16.0],"rotation":0,"texture":"#0","tintindex":0},"east":{"uv":[5.25,14.5,4.0,16.0],"rotation":0,"texture":"#0","tintindex":0},"north":{"uv":[5.25,14.5,4.0,16.0],"rotation":0,"texture":"#0","tintindex":0},"south":{"uv":[5.25,14.5,4.0,16.0],"rotation":0,"texture":"#0","tintindex":0},"up":{"uv":[5.25,14.5,4.0,16.0],"rotation":0,"texture":"#0","tintindex":0},"west":{"uv":[5.25,14.5,4.0,16.0],"rotation":0,"texture":"#0","tintindex":0}}}],"display":{"head":{"translation":[0.0,-6.4,0.0],"rotation":[0.0,0.0,0.0],"scale":[3.8095,3.8095,3.8095]}}}