{
	"credit": "Made with Blockbench",
	"texture_size": [64, 64],
	"textures": {
		"1": "mysterious_texture/mysterious_sword"
	},
	"elements": [
		{
			"name": "right_arm",
			"from": [7.25, -9.18628, 7.25],
			"to": [8.75, -2.18628, 8.75],
			"rotation": {"angle": 0, "axis": "y", "origin": [8, 8, 8]},
			"faces": {
				"north": {"uv": [6.508, 5.508, 6.875, 7.242], "texture": "#1"},
				"east": {"uv": [2.508, 6.758, 2.875, 8.492], "texture": "#1"},
				"south": {"uv": [3.008, 6.758, 3.375, 8.492], "texture": "#1"},
				"west": {"uv": [6.008, 5.508, 6.375, 7.242], "texture": "#1"},
				"up": {"uv": [7.125, 8.875, 6.758, 8.508], "rotation": 270, "texture": "#1"},
				"down": {"uv": [8.875, 6.758, 8.508, 7.125], "rotation": 90, "texture": "#1"}
			}
		},
		{
			"name": "right_arm",
			"from": [7.25, -0.93628, 3.5],
			"to": [8.75, 0.56372, 12.5],
			"rotation": {"angle": 0, "axis": "y", "origin": [8, 8, 8]},
			"faces": {
				"north": {"uv": [7.258, 8.508, 7.625, 8.875], "texture": "#1"},
				"east": {"uv": [6.008, 4.008, 8.242, 4.375], "texture": "#1"},
				"south": {"uv": [8.508, 7.258, 8.875, 7.625], "texture": "#1"},
				"west": {"uv": [8.242, 4.008, 6.008, 4.375], "texture": "#1"},
				"up": {"uv": [8.242, 4.875, 6.008, 4.508], "rotation": 270, "texture": "#1"},
				"down": {"uv": [8.242, 5.008, 6.008, 5.375], "rotation": 90, "texture": "#1"}
			}
		},
		{
			"name": "right_arm",
			"from": [8, -2.93628, 0.5],
			"to": [8, 3.56372, 7.5],
			"rotation": {"angle": 0, "axis": "y", "origin": [8, 8, 8]},
			"faces": {
				"north": {"uv": [10.758, 2.508, 11.758, 4.25], "rotation": 180, "texture": "#1"},
				"east": {"uv": [6.008, 1.758, 7.742, 3.375], "texture": "#1"},
				"south": {"uv": [10.758, 2.508, 11.758, 4.25], "texture": "#1"},
				"west": {"uv": [7.742, 1.758, 6.008, 3.375], "texture": "#1"},
				"up": {"uv": [10.758, 2.508, 11.758, 4.25], "rotation": 180, "texture": "#1"},
				"down": {"uv": [10.758, 2.508, 11.758, 4.25], "texture": "#1"}
			}
		},
		{
			"name": "right_arm",
			"from": [8, -2.93628, 8.5],
			"to": [8, 3.56372, 15.5],
			"rotation": {"angle": 0, "axis": "y", "origin": [8, 8, 8]},
			"faces": {
				"north": {"uv": [10.758, 2.508, 11.758, 4.25], "rotation": 180, "texture": "#1"},
				"east": {"uv": [7.742, 1.758, 6.008, 3.375], "texture": "#1"},
				"south": {"uv": [10.758, 2.508, 11.758, 4.25], "texture": "#1"},
				"west": {"uv": [6.008, 1.758, 7.742, 3.375], "texture": "#1"},
				"up": {"uv": [10.758, 2.508, 11.758, 4.25], "rotation": 180, "texture": "#1"},
				"down": {"uv": [10.758, 2.508, 11.758, 4.25], "texture": "#1"}
			}
		},
		{
			"name": "right_arm",
			"from": [7.25, 0.56372, 6.5],
			"to": [8.75, 3.31372, 9.5],
			"rotation": {"angle": 0, "axis": "y", "origin": [8, 8, 8]},
			"faces": {
				"north": {"uv": [7.758, 2.508, 8.125, 3.242], "texture": "#1"},
				"east": {"uv": [4.758, 6.758, 5.492, 7.492], "texture": "#1"},
				"south": {"uv": [7.508, 7.758, 7.875, 8.492], "texture": "#1"},
				"west": {"uv": [4.008, 6.758, 4.742, 7.492], "texture": "#1"},
				"up": {"uv": [8.742, 0.375, 8.008, 0.008], "rotation": 270, "texture": "#1"},
				"down": {"uv": [8.742, 0.508, 8.008, 0.875], "rotation": 90, "texture": "#1"}
			}
		},
		{
			"name": "right_arm",
			"from": [7.75, 0.56372, 5.5],
			"to": [8.25, 28.31372, 10.5],
			"rotation": {"angle": 0, "axis": "y", "origin": [8, 8, 8]},
			"faces": {
				"north": {"uv": [3.508, 6.758, 3.625, 11.992], "texture": "#1"},
				"east": {"uv": [1.258, 5.008, 2.492, 10.242], "texture": "#1"},
				"south": {"uv": [3.758, 6.758, 3.875, 11.992], "texture": "#1"},
				"west": {"uv": [2.492, 5.008, 1.258, 10.242], "texture": "#1"},
				"up": {"uv": [6.742, 8.625, 5.508, 8.508], "rotation": 270, "texture": "#1"},
				"down": {"uv": [9.742, 6.508, 8.508, 6.625], "rotation": 90, "texture": "#1"}
			}
		},
		{
			"name": "right_arm",
			"from": [7.75, 28.31372, 6.5],
			"to": [8.25, 30.06372, 9.5],
			"rotation": {"angle": 0, "axis": "y", "origin": [8, 8, 8]},
			"faces": {
				"north": {"uv": [8.758, 6.008, 8.875, 6.492], "texture": "#1"},
				"east": {"uv": [7.508, 6.008, 8.242, 6.492], "texture": "#1"},
				"south": {"uv": [6.258, 8.758, 6.375, 9.242], "texture": "#1"},
				"west": {"uv": [8.242, 6.008, 7.508, 6.492], "texture": "#1"},
				"up": {"uv": [9.242, 8.375, 8.508, 8.258], "rotation": 270, "texture": "#1"},
				"down": {"uv": [5.242, 8.758, 4.508, 8.875], "rotation": 90, "texture": "#1"}
			}
		},
		{
			"name": "right_arm",
			"from": [7.75, 30.06372, 7.25],
			"to": [8.25, 31.81372, 8.75],
			"rotation": {"angle": 0, "axis": "y", "origin": [8, 8, 8]},
			"faces": {
				"north": {"uv": [6.508, 8.758, 6.625, 9.242], "texture": "#1"},
				"east": {"uv": [8.008, 7.508, 8.375, 7.992], "texture": "#1"},
				"south": {"uv": [8.758, 8.508, 8.875, 8.992], "texture": "#1"},
				"west": {"uv": [8.008, 7.008, 8.375, 7.492], "texture": "#1"},
				"up": {"uv": [4.875, 9.125, 4.508, 9.008], "rotation": 270, "texture": "#1"},
				"down": {"uv": [9.375, 4.758, 9.008, 4.875], "rotation": 90, "texture": "#1"}
			}
		},
		{
			"name": "right_arm",
			"from": [7.75, 24.97272, -9.97272],
			"to": [8.25, 25.97272, -8.97272],
			"rotation": {"angle": 45, "axis": "x", "origin": [8, 8, 8]},
			"faces": {
				"north": {"uv": [5.008, 9.008, 5.125, 9.242], "texture": "#1"},
				"east": {"uv": [9.008, 1.258, 9.242, 1.492], "texture": "#1"},
				"south": {"uv": [9.008, 5.008, 9.125, 5.242], "texture": "#1"},
				"west": {"uv": [9.008, 1.258, 9.242, 1.492], "texture": "#1"},
				"up": {"uv": [5.742, 9.125, 5.508, 9.008], "rotation": 270, "texture": "#1"},
				"down": {"uv": [9.242, 5.508, 9.008, 5.625], "rotation": 90, "texture": "#1"}
			}
		},
		{
			"name": "right_arm",
			"from": [7.725, 25.81073, -2.08342],
			"to": [8.275, 30.56073, -1.08342],
			"rotation": {"angle": 22.5, "axis": "x", "origin": [8, 8, 8]},
			"faces": {
				"north": {"uv": [2.508, 8.508, 2.625, 9.742], "texture": "#1"},
				"east": {"uv": [7.758, 0.008, 7.992, 1.242], "texture": "#1"},
				"south": {"uv": [2.758, 8.508, 2.875, 9.742], "texture": "#1"},
				"west": {"uv": [7.992, 0.008, 7.758, 1.242], "texture": "#1"},
				"up": {"uv": [5.992, 9.125, 5.758, 9.008], "rotation": 270, "texture": "#1"},
				"down": {"uv": [9.242, 5.758, 9.008, 5.875], "rotation": 90, "texture": "#1"}
			}
		},
		{
			"name": "right_arm",
			"from": [7.725, 25.81073, 17.08342],
			"to": [8.275, 30.56073, 18.08342],
			"rotation": {"angle": -22.5, "axis": "x", "origin": [8, 8, 8]},
			"faces": {
				"north": {"uv": [3.008, 8.508, 3.125, 9.742], "texture": "#1"},
				"east": {"uv": [7.758, 6.508, 7.992, 7.742], "texture": "#1"},
				"south": {"uv": [3.258, 8.508, 3.375, 9.742], "texture": "#1"},
				"west": {"uv": [7.992, 6.508, 7.758, 7.742], "texture": "#1"},
				"up": {"uv": [9.242, 6.125, 9.008, 6.008], "rotation": 270, "texture": "#1"},
				"down": {"uv": [9.242, 6.258, 9.008, 6.375], "rotation": 90, "texture": "#1"}
			}
		},
		{
			"name": "right_arm",
			"from": [7.25, 3.31372, 7.25],
			"to": [8.75, 5.06372, 8.75],
			"rotation": {"angle": 0, "axis": "y", "origin": [8, 8, 8]},
			"faces": {
				"north": {"uv": [8.258, 2.508, 8.625, 2.992], "texture": "#1"},
				"east": {"uv": [8.258, 3.008, 8.625, 3.492], "texture": "#1"},
				"south": {"uv": [8.258, 3.508, 8.625, 3.992], "texture": "#1"},
				"west": {"uv": [8.008, 8.008, 8.375, 8.492], "texture": "#1"},
				"up": {"uv": [8.125, 8.875, 7.758, 8.508], "rotation": 270, "texture": "#1"},
				"down": {"uv": [8.875, 7.758, 8.508, 8.125], "rotation": 90, "texture": "#1"}
			}
		},
		{
			"name": "right_arm",
			"from": [7.275, 5.41365, 9.40547],
			"to": [8.725, 6.58865, 10.40547],
			"rotation": {"angle": 45, "axis": "x", "origin": [8, 8, 8]},
			"faces": {
				"north": {"uv": [7.758, 3.258, 8.125, 3.492], "texture": "#1"},
				"east": {"uv": [9.008, 1.758, 9.242, 1.992], "texture": "#1"},
				"south": {"uv": [8.758, 4.508, 9.125, 4.742], "texture": "#1"},
				"west": {"uv": [9.008, 1.508, 9.242, 1.742], "texture": "#1"},
				"up": {"uv": [8.992, 5.125, 8.758, 4.758], "rotation": 270, "texture": "#1"},
				"down": {"uv": [5.492, 8.758, 5.258, 9.125], "rotation": 90, "texture": "#1"}
			}
		},
		{
			"name": "right_arm",
			"from": [7.25, 5.41365, 5.59453],
			"to": [8.75, 6.58865, 6.59453],
			"rotation": {"angle": -45, "axis": "x", "origin": [8, 8, 8]},
			"faces": {
				"north": {"uv": [8.758, 5.258, 9.125, 5.492], "texture": "#1"},
				"east": {"uv": [9.008, 2.258, 9.242, 2.492], "texture": "#1"},
				"south": {"uv": [5.508, 8.758, 5.875, 8.992], "texture": "#1"},
				"west": {"uv": [9.242, 2.258, 9.008, 2.492], "texture": "#1"},
				"up": {"uv": [8.992, 5.875, 8.758, 5.508], "rotation": 270, "texture": "#1"},
				"down": {"uv": [6.242, 8.758, 6.008, 9.125], "rotation": 90, "texture": "#1"}
			}
		},
		{
			"name": "right_arm",
			"from": [7.225, 0.07268, 8.30873],
			"to": [8.775, 5.07268, 9.80873],
			"rotation": {"angle": 22.5, "axis": "x", "origin": [8, 8, 8]},
			"faces": {
				"north": {"uv": [7.008, 5.508, 7.375, 6.742], "texture": "#1"},
				"east": {"uv": [7.008, 6.758, 7.375, 7.992], "texture": "#1"},
				"south": {"uv": [6.008, 7.258, 6.375, 8.492], "texture": "#1"},
				"west": {"uv": [7.375, 6.758, 7.008, 7.992], "texture": "#1"},
				"up": {"uv": [8.625, 8.875, 8.258, 8.508], "rotation": 270, "texture": "#1"},
				"down": {"uv": [9.125, 0.008, 8.758, 0.375], "rotation": 90, "texture": "#1"}
			}
		},
		{
			"name": "right_arm",
			"from": [7.2, 0.07268, 6.19127],
			"to": [8.8, 5.07268, 7.69127],
			"rotation": {"angle": -22.5, "axis": "x", "origin": [8, 8, 8]},
			"faces": {
				"north": {"uv": [4.008, 7.508, 4.375, 8.742], "texture": "#1"},
				"east": {"uv": [4.508, 7.508, 4.875, 8.742], "texture": "#1"},
				"south": {"uv": [5.008, 7.508, 5.375, 8.742], "texture": "#1"},
				"west": {"uv": [4.875, 7.508, 4.508, 8.742], "texture": "#1"},
				"up": {"uv": [9.125, 0.875, 8.758, 0.508], "rotation": 270, "texture": "#1"},
				"down": {"uv": [9.125, 2.508, 8.758, 2.875], "rotation": 90, "texture": "#1"}
			}
		},
		{
			"name": "right_arm",
			"from": [7.275, -1.69791, 3.29479],
			"to": [8.725, 0.30209, 4.79479],
			"rotation": {"angle": -22.5, "axis": "x", "origin": [8, 8, 8]},
			"faces": {
				"north": {"uv": [8.258, 4.508, 8.625, 4.992], "texture": "#1"},
				"east": {"uv": [8.258, 5.008, 8.625, 5.492], "texture": "#1"},
				"south": {"uv": [8.258, 5.508, 8.625, 5.992], "texture": "#1"},
				"west": {"uv": [8.625, 5.008, 8.258, 5.492], "texture": "#1"},
				"up": {"uv": [9.125, 3.375, 8.758, 3.008], "rotation": 270, "texture": "#1"},
				"down": {"uv": [9.125, 3.508, 8.758, 3.875], "rotation": 90, "texture": "#1"}
			}
		},
		{
			"name": "right_arm",
			"from": [7.3, -1.69791, 11.20521],
			"to": [8.7, 0.30209, 12.70521],
			"rotation": {"angle": 22.5, "axis": "x", "origin": [8, 8, 8]},
			"faces": {
				"north": {"uv": [8.508, 1.008, 8.875, 1.492], "texture": "#1"},
				"east": {"uv": [8.508, 1.508, 8.875, 1.992], "texture": "#1"},
				"south": {"uv": [8.508, 2.008, 8.875, 2.492], "texture": "#1"},
				"west": {"uv": [8.875, 1.508, 8.508, 1.992], "texture": "#1"},
				"up": {"uv": [4.375, 9.125, 4.008, 8.758], "rotation": 270, "texture": "#1"},
				"down": {"uv": [9.125, 4.008, 8.758, 4.375], "rotation": 90, "texture": "#1"}
			}
		},
		{
			"name": "right_arm",
			"from": [7, -5.60965, -5.60965],
			"to": [9, -3.60965, -3.60965],
			"rotation": {"angle": -45, "axis": "x", "origin": [8, 8, 8]},
			"faces": {
				"north": {"uv": [8.008, 1.508, 8.492, 1.992], "texture": "#1"},
				"east": {"uv": [8.008, 2.008, 8.492, 2.492], "texture": "#1"},
				"south": {"uv": [5.508, 8.008, 5.992, 8.492], "texture": "#1"},
				"west": {"uv": [8.008, 1.008, 8.492, 1.492], "texture": "#1"},
				"up": {"uv": [8.492, 6.992, 8.008, 6.508], "rotation": 270, "texture": "#1"},
				"down": {"uv": [7.492, 8.008, 7.008, 8.492], "rotation": 90, "texture": "#1"}
			}
		},
		{
			"name": "right_arm",
			"from": [8, 3, 10],
			"to": [8, 10, 17],
			"faces": {
				"north": {"uv": [0, 0, 0.25, 0.25], "texture": "#1"},
				"east": {"uv": [6, 2.5, 3, 5], "texture": "#1"},
				"south": {"uv": [0, 0, 0.25, 0.25], "texture": "#1"},
				"west": {"uv": [3, 2.5, 6, 5], "texture": "#1"},
				"up": {"uv": [0, 0, 0.25, 0.25], "texture": "#1"},
				"down": {"uv": [0, 0, 0.25, 0.25], "texture": "#1"}
			}
		},
		{
			"name": "right_arm",
			"from": [8, 3, -1],
			"to": [8, 10, 6],
			"faces": {
				"north": {"uv": [0, 0, 0.25, 0.25], "texture": "#1"},
				"east": {"uv": [3, 2.5, 6, 5], "texture": "#1"},
				"south": {"uv": [0, 0, 0.25, 0.25], "texture": "#1"},
				"west": {"uv": [6, 2.5, 3, 5], "texture": "#1"},
				"up": {"uv": [0, 0, 0.25, 0.25], "texture": "#1"},
				"down": {"uv": [0, 0, 0.25, 0.25], "texture": "#1"}
			}
		}
	],
	"gui_light": "front",
	"display": {
		"thirdperson_righthand": {
			"translation": [0, 7.75, 1.5],
			"scale": [1, 0.74, 0.61]
		},
		"thirdperson_lefthand": {
			"translation": [0, 7.75, 1.5],
			"scale": [1, 0.74, 0.61]
		},
		"firstperson_righthand": {
			"translation": [0, 7.75, 1.5],
			"scale": [1, 0.74, 0.61]
		},
		"firstperson_lefthand": {
			"translation": [0, 7.75, 1.5],
			"scale": [1, 0.74, 0.61]
		},
		"ground": {
			"translation": [0, 20, 0]
		},
		"gui": {
			"rotation": [90, -135, 90],
			"translation": [0, -0.25, -1],
			"scale": [0.6, 0.6, 0.6]
		},
		"head": {
			"rotation": [-89, -134, 92],
			"translation": [-1.5, 2.75, 7.25],
			"scale": [1, 0.5, 0.5]
		},
		"fixed": {
			"rotation": [90, -90, 90],
			"translation": [0, 0, -1],
			"scale": [0.8, 0.8, 0.8]
		}
	},
	"groups": [
		{
			"name": "weapon",
			"origin": [6.25, 15.22807, 4.10891],
			"rotation": [-20, 0, 0],
			"color": 0,
			"children": [0, 1, 2, 3, 4, 5, 6, 7, 8, 9, 10, 11, 12, 13, 14, 15, 16, 17, 18, 19, 20]
		}
	]
}