{"textures":{"0":"modelengine:entity/元气森林-sevente"},"elements":[{"name":"body","from":[5.6,6.8269854,6.98829],"to":[10.4,10.426985,9.38829],"rotation":{"angle":0.0,"axis":"x","origin":[8.0,-0.37301517,8.18829]},"faces":{"down":{"uv":[8.0,7.0,10.0,8.0],"rotation":0,"texture":"#0","tintindex":0},"east":{"uv":[8.0,7.0,10.0,8.0],"rotation":0,"texture":"#0","tintindex":0},"north":{"uv":[8.0,7.0,10.0,8.0],"rotation":0,"texture":"#0","tintindex":0},"south":{"uv":[8.0,7.0,10.0,8.0],"rotation":0,"texture":"#0","tintindex":0},"up":{"uv":[8.0,7.0,10.0,8.0],"rotation":0,"texture":"#0","tintindex":0},"west":{"uv":[8.0,7.0,10.0,8.0],"rotation":0,"texture":"#0","tintindex":0}}},{"name":"body","from":[5.6,10.426985,6.98829],"to":[10.4,14.026985,9.38829],"rotation":{"angle":-22.5,"axis":"x","origin":[8.0,10.426985,9.38829]},"faces":{"down":{"uv":[8.0,1.0,6.0,2.0],"rotation":0,"texture":"#0","tintindex":0},"east":{"uv":[7.0,6.0,8.0,7.5],"rotation":0,"texture":"#0","tintindex":0},"north":{"uv":[5.0,5.0,7.0,8.0],"rotation":0,"texture":"#0","tintindex":0},"south":{"uv":[8.0,5.25,10.0,8.0],"rotation":0,"texture":"#0","tintindex":0},"up":{"uv":[7.0,5.0,5.0,4.0],"rotation":0,"texture":"#0","tintindex":0},"west":{"uv":[4.25,5.75,5.0,7.25],"rotation":0,"texture":"#0","tintindex":0}}}],"display":{"head":{"translation":[0.0,-6.4,0.0],"rotation":[0.0,0.0,0.0],"scale":[3.8095,3.8095,3.8095]}}}