{"textures":{"0":"modelengine:entity/元气森林-sevente"},"elements":[{"name":"head","from":[5.6,8.0,5.6],"to":[10.4,12.8,10.4],"rotation":{"angle":0.0,"axis":"x","origin":[8.0,-5.8,9.8]},"faces":{"down":{"uv":[6.0,2.0,4.0,0.0],"rotation":0,"texture":"#0","tintindex":0},"east":{"uv":[0.0,2.0,2.0,4.0],"rotation":0,"texture":"#0","tintindex":0},"north":{"uv":[1.75,2.0,4.25,4.0],"rotation":0,"texture":"#0","tintindex":0},"south":{"uv":[6.25,2.0,7.75,4.0],"rotation":0,"texture":"#0","tintindex":0},"up":{"uv":[4.0,2.0,2.0,0.0],"rotation":0,"texture":"#0","tintindex":0},"west":{"uv":[4.25,2.0,6.25,4.0],"rotation":0,"texture":"#0","tintindex":0}}}],"display":{"head":{"translation":[0.0,-6.4,0.0],"rotation":[0.0,0.0,0.0],"scale":[3.8095,3.8095,3.8095]}}}