{"textures":{"0":"modelengine:entity/元气森林-sevente"},"elements":[{"name":"leftleg","from":[6.7939997,4.3999996,8.0],"to":[9.194,8.0,10.4],"rotation":{"angle":0.0,"axis":"x","origin":[6.8,4.3999996,9.2]},"faces":{"down":{"uv":[4.0,14.5,5.0,16.0],"rotation":0,"texture":"#0","tintindex":0},"east":{"uv":[4.0,14.5,5.0,16.0],"rotation":0,"texture":"#0","tintindex":0},"north":{"uv":[4.0,14.5,5.0,16.0],"rotation":0,"texture":"#0","tintindex":0},"south":{"uv":[4.0,14.5,5.0,16.0],"rotation":0,"texture":"#0","tintindex":0},"up":{"uv":[4.0,14.5,5.0,16.0],"rotation":0,"texture":"#0","tintindex":0},"west":{"uv":[4.0,14.5,5.0,16.0],"rotation":0,"texture":"#0","tintindex":0}}}],"display":{"head":{"translation":[0.0,-6.4,0.0],"rotation":[0.0,0.0,0.0],"scale":[3.8095,3.8095,3.8095]}}}