{"textures":{"0":"modelengine:entity/元气森林-sevente"},"elements":[{"name":"leftarm","from":[8.0,5.0,6.8],"to":[10.4,8.6,9.2],"rotation":{"angle":0.0,"axis":"x","origin":[5.6,-5.8,8.0]},"faces":{"down":{"uv":[10.0,5.0,11.25,8.0],"rotation":0,"texture":"#0","tintindex":0},"east":{"uv":[10.0,5.0,11.25,8.0],"rotation":0,"texture":"#0","tintindex":0},"north":{"uv":[10.0,5.0,11.25,8.0],"rotation":0,"texture":"#0","tintindex":0},"south":{"uv":[10.0,5.0,11.25,8.0],"rotation":0,"texture":"#0","tintindex":0},"up":{"uv":[10.0,5.0,11.25,8.0],"rotation":0,"texture":"#0","tintindex":0},"west":{"uv":[10.0,5.0,11.25,8.0],"rotation":0,"texture":"#0","tintindex":0}}}],"display":{"head":{"translation":[0.0,-6.4,0.0],"rotation":[0.0,0.0,0.0],"scale":[3.8095,3.8095,3.8095]}}}