{"textures":{"0":"modelengine:entity/元气森林-sevente"},"elements":[{"name":"leftarm","from":[5.6,5.0,6.8],"to":[8.0,8.6,9.2],"rotation":{"angle":0.0,"axis":"x","origin":[10.4,-5.8,8.0]},"faces":{"down":{"uv":[6.75,5.0,7.5,8.0],"rotation":0,"texture":"#0","tintindex":0},"east":{"uv":[6.75,5.0,7.5,8.0],"rotation":0,"texture":"#0","tintindex":0},"north":{"uv":[6.75,5.0,7.5,8.0],"rotation":0,"texture":"#0","tintindex":0},"south":{"uv":[6.75,5.0,7.5,8.0],"rotation":0,"texture":"#0","tintindex":0},"up":{"uv":[6.75,5.0,7.5,5.5],"rotation":0,"texture":"#0","tintindex":0},"west":{"uv":[6.75,5.0,7.5,8.0],"rotation":0,"texture":"#0","tintindex":0}}}],"display":{"head":{"translation":[0.0,-6.4,0.0],"rotation":[0.0,0.0,0.0],"scale":[3.8095,3.8095,3.8095]}}}