{"textures":{"0":"modelengine:entity/元气森林-sevente"},"elements":[{"name":"leftarm","from":[6.7939997,4.3999996,5.6],"to":[9.194,8.0,8.0],"rotation":{"angle":0.0,"axis":"x","origin":[11.6,-2.8000002,6.8]},"faces":{"down":{"uv":[11.25,5.5,10.0,8.0],"rotation":0,"texture":"#0","tintindex":0},"east":{"uv":[11.25,5.5,10.0,8.0],"rotation":0,"texture":"#0","tintindex":0},"north":{"uv":[11.25,5.5,10.0,8.0],"rotation":0,"texture":"#0","tintindex":0},"south":{"uv":[11.25,5.5,10.0,8.0],"rotation":0,"texture":"#0","tintindex":0},"up":{"uv":[11.25,5.5,10.0,8.0],"rotation":0,"texture":"#0","tintindex":0},"west":{"uv":[11.25,5.5,10.0,8.0],"rotation":0,"texture":"#0","tintindex":0}}}],"display":{"head":{"translation":[0.0,-6.4,0.0],"rotation":[0.0,0.0,0.0],"scale":[3.8095,3.8095,3.8095]}}}