{"data":10,"parent":"item/generated","textures":{"layer0":"item/leather_horse_armor"},"overrides":[{"predicate":{"custom_model_data":1},"model":"modelengine:sevente/head"},{"predicate":{"custom_model_data":2},"model":"modelengine:sevente/lefthand"},{"predicate":{"custom_model_data":3},"model":"modelengine:sevente/leftarm"},{"predicate":{"custom_model_data":4},"model":"modelengine:sevente/righthand"},{"predicate":{"custom_model_data":5},"model":"modelengine:sevente/rightarm"},{"predicate":{"custom_model_data":6},"model":"modelengine:sevente/leftfoot"},{"predicate":{"custom_model_data":7},"model":"modelengine:sevente/leftleg"},{"predicate":{"custom_model_data":8},"model":"modelengine:sevente/rightfoot"},{"predicate":{"custom_model_data":9},"model":"modelengine:sevente/rightleg"},{"predicate":{"custom_model_data":10},"model":"modelengine:sevente/body"}]}