{"parent":"item/generated","textures":{"layer0":"item/paper"},"overrides":[{"predicate":{"custom_model_data":1001},"model":"mysterious_model/mysterious_slash_1"},{"predicate":{"custom_model_data":1002},"model":"mysterious_model/mysterious_slash_2"},{"predicate":{"custom_model_data":1003},"model":"mysterious_model/mysterious_slash_3"},{"predicate":{"custom_model_data":1004},"model":"mysterious_model/mysterious_slash_4"},{"predicate":{"custom_model_data":1005},"model":"mysterious_model/mysterious_slash_5"},{"predicate":{"custom_model_data":1006},"model":"mysterious_model/mysterious_slash_6"},{"predicate":{"custom_model_data":1007},"model":"mysterious_model/mysterious_slash_7"},{"predicate":{"custom_model_data":10000},"model":"z_iainternal:auto_generated/icon_left_blue"},{"predicate":{"custom_model_data":10001},"model":"z_iainternal:auto_generated/icon_right_blue"},{"predicate":{"custom_model_data":10002},"model":"z_iainternal:auto_generated/icon_search"},{"predicate":{"custom_model_data":10003},"model":"z_iainternal:auto_generated/icon_cancel"},{"predicate":{"custom_model_data":10004},"model":"z_iainternal:auto_generated/icon_arrow_chest"},{"predicate":{"custom_model_data":10005},"model":"z_iainternal:auto_generated/icon_back_orange"},{"predicate":{"custom_model_data":10006},"model":"z_iainternal:auto_generated/icon_next_orange"},{"predicate":{"custom_model_data":10007},"model":"minecraft:item/paper"}]}