{"providers":[{"file":"font/base/black.png","chars":["\uF822"],"height":1,"ascent":-5000,"type":"bitmap"},{"file":"font/base/black.png","chars":["\uF823"],"height":2,"ascent":-5000,"type":"bitmap"},{"file":"font/base/black.png","chars":["\uF824"],"height":3,"ascent":-5000,"type":"bitmap"},{"file":"font/base/black.png","chars":["\uF825"],"height":4,"ascent":-5000,"type":"bitmap"},{"file":"font/base/black.png","chars":["\uF826"],"height":5,"ascent":-5000,"type":"bitmap"},{"file":"font/base/black.png","chars":["\uF827"],"height":6,"ascent":-5000,"type":"bitmap"},{"file":"font/base/black.png","chars":["\uF828"],"height":7,"ascent":-5000,"type":"bitmap"},{"file":"font/base/black.png","chars":["\uF829"],"height":15,"ascent":-5000,"type":"bitmap"},{"file":"font/base/black.png","chars":["\uF82A"],"height":31,"ascent":-5000,"type":"bitmap"},{"file":"font/base/black.png","chars":["\uF82B"],"height":63,"ascent":-5000,"type":"bitmap"},{"file":"font/base/black.png","chars":["\uF82C"],"height":127,"ascent":-5000,"type":"bitmap"},{"file":"font/base/black.png","chars":["\uF82D"],"height":256,"ascent":-5000,"type":"bitmap"},{"file":"font/base/black.png","chars":["\uF82E"],"height":512,"ascent":-5000,"type":"bitmap"},{"file":"font/base/black.png","chars":["\uF82F"],"height":1024,"ascent":-5000,"type":"bitmap"},{"file":"font/base/black.png","chars":["\uF82F"],"height":1023,"ascent":-5000,"type":"bitmap"},{"file":"font/base/black.png","chars":["\uF801"],"height":-3,"ascent":-5000,"type":"bitmap"},{"file":"font/base/black.png","chars":["\uF802"],"height":-4,"ascent":-5000,"type":"bitmap"},{"file":"font/base/black.png","chars":["\uF803"],"height":-5,"ascent":-5000,"type":"bitmap"},{"file":"font/base/black.png","chars":["\uF804"],"height":-6,"ascent":-5000,"type":"bitmap"},{"file":"font/base/black.png","chars":["\uF805"],"height":-7,"ascent":-5000,"type":"bitmap"},{"file":"font/base/black.png","chars":["\uF806"],"height":-8,"ascent":-5000,"type":"bitmap"},{"file":"font/base/black.png","chars":["\uF807"],"height":-9,"ascent":-5000,"type":"bitmap"},{"file":"font/base/black.png","chars":["\uF808"],"height":-10,"ascent":-5000,"type":"bitmap"},{"file":"font/base/black.png","chars":["\uF809"],"height":-18,"ascent":-5000,"type":"bitmap"},{"file":"font/base/black.png","chars":["\uF80A"],"height":-34,"ascent":-5000,"type":"bitmap"},{"file":"font/base/black.png","chars":["\uF80B"],"height":-66,"ascent":-5000,"type":"bitmap"},{"file":"font/base/black.png","chars":["\uF80C"],"height":-130,"ascent":-5000,"type":"bitmap"},{"file":"font/base/black.png","chars":["\uF80D"],"height":-259,"ascent":-5000,"type":"bitmap"},{"file":"font/base/black.png","chars":["\uF80E"],"height":-515,"ascent":-5000,"type":"bitmap"},{"file":"font/base/black.png","chars":["\uF80F"],"height":-1027,"ascent":-5000,"type":"bitmap"},{"file":"betterhud:chars/comma.png","chars":[""],"height":16,"ascent":-17,"type":"bitmap"},{"file":"betterhud:chars/dot.png","chars":[""],"height":16,"ascent":-16,"type":"bitmap"},{"file":"betterhud:chars/minus.png","chars":[""],"height":16,"ascent":-16,"type":"bitmap"},{"file":"betterhud:chars/low_line.png","chars":[""],"height":16,"ascent":-16,"type":"bitmap"},{"file":"betterhud:chars/exclamation_mark.png","chars":[""],"height":16,"ascent":-16,"type":"bitmap"},{"file":"betterhud:chars/question_mark.png","chars":[""],"height":16,"ascent":-16,"type":"bitmap"},{"file":"betterhud:chars/slash.png","chars":[""],"height":16,"ascent":-16,"type":"bitmap"},{"file":"betterhud:chars/back_slash.png","chars":[""],"height":16,"ascent":-16,"type":"bitmap"},{"file":"betterhud:chars/left_parenthesis.png","chars":[""],"height":16,"ascent":-16,"type":"bitmap"},{"file":"betterhud:chars/right_parenthesis.png","chars":[""],"height":16,"ascent":-16,"type":"bitmap"},{"file":"betterhud:chars/left_square_bracket.png","chars":[""],"height":16,"ascent":-16,"type":"bitmap"},{"file":"betterhud:chars/right_square_bracket.png","chars":[""],"height":16,"ascent":-16,"type":"bitmap"},{"file":"betterhud:chars/at.png","chars":[""],"height":16,"ascent":-16,"type":"bitmap"},{"file":"betterhud:chars/hashtag.png","chars":[""],"height":16,"ascent":-16,"type":"bitmap"},{"file":"betterhud:chars/colon.png","chars":[""],"height":16,"ascent":-16,"type":"bitmap"},{"file":"betterhud:chars/semicolon.png","chars":[""],"height":16,"ascent":-16,"type":"bitmap"},{"file":"betterhud:chars/plus.png","chars":[""],"height":16,"ascent":-16,"type":"bitmap"},{"file":"betterhud:chars/percent.png","chars":[""],"height":16,"ascent":-16,"type":"bitmap"},{"file":"betterhud:chars/equal.png","chars":[""],"height":16,"ascent":-16,"type":"bitmap"},{"file":"betterhud:chars/less_than.png","chars":[""],"height":16,"ascent":-16,"type":"bitmap"},{"file":"betterhud:chars/greater_than.png","chars":[""],"height":16,"ascent":-16,"type":"bitmap"},{"file":"betterhud:chars/asterisk.png","chars":[""],"height":16,"ascent":-16,"type":"bitmap"},{"file":"betterhud:integers/0.png","chars":[""],"height":16,"ascent":-16,"type":"bitmap"},{"file":"betterhud:integers/1.png","chars":[""],"height":16,"ascent":-16,"type":"bitmap"},{"file":"betterhud:integers/2.png","chars":[""],"height":16,"ascent":-16,"type":"bitmap"},{"file":"betterhud:integers/3.png","chars":[""],"height":16,"ascent":-16,"type":"bitmap"},{"file":"betterhud:integers/4.png","chars":[""],"height":16,"ascent":-16,"type":"bitmap"},{"file":"betterhud:integers/5.png","chars":[""],"height":16,"ascent":-16,"type":"bitmap"},{"file":"betterhud:integers/6.png","chars":[""],"height":16,"ascent":-16,"type":"bitmap"},{"file":"betterhud:integers/7.png","chars":[""],"height":16,"ascent":-16,"type":"bitmap"},{"file":"betterhud:integers/8.png","chars":[""],"height":16,"ascent":-16,"type":"bitmap"},{"file":"betterhud:integers/9.png","chars":[""],"height":16,"ascent":-16,"type":"bitmap"},{"file":"betterhud:chars/a.png","chars":[""],"height":16,"ascent":-16,"type":"bitmap"},{"file":"betterhud:chars/a-big.png","chars":[""],"height":16,"ascent":-16,"type":"bitmap"},{"file":"betterhud:chars/b.png","chars":[""],"height":16,"ascent":-16,"type":"bitmap"},{"file":"betterhud:chars/b-big.png","chars":[""],"height":16,"ascent":-16,"type":"bitmap"},{"file":"betterhud:chars/c.png","chars":[""],"height":16,"ascent":-16,"type":"bitmap"},{"file":"betterhud:chars/c-big.png","chars":[""],"height":16,"ascent":-16,"type":"bitmap"},{"file":"betterhud:chars/d.png","chars":[""],"height":16,"ascent":-16,"type":"bitmap"},{"file":"betterhud:chars/d-big.png","chars":[""],"height":16,"ascent":-16,"type":"bitmap"},{"file":"betterhud:chars/e.png","chars":[""],"height":16,"ascent":-16,"type":"bitmap"},{"file":"betterhud:chars/e-big.png","chars":[""],"height":16,"ascent":-16,"type":"bitmap"},{"file":"betterhud:chars/f.png","chars":[""],"height":16,"ascent":-16,"type":"bitmap"},{"file":"betterhud:chars/f-big.png","chars":[""],"height":16,"ascent":-16,"type":"bitmap"},{"file":"betterhud:chars/g.png","chars":[""],"height":16,"ascent":-17,"type":"bitmap"},{"file":"betterhud:chars/g-big.png","chars":[""],"height":16,"ascent":-16,"type":"bitmap"},{"file":"betterhud:chars/h.png","chars":[""],"height":16,"ascent":-16,"type":"bitmap"},{"file":"betterhud:chars/h-big.png","chars":[""],"height":16,"ascent":-16,"type":"bitmap"},{"file":"betterhud:chars/i.png","chars":[""],"height":16,"ascent":-16,"type":"bitmap"},{"file":"betterhud:chars/i-big.png","chars":[""],"height":16,"ascent":-16,"type":"bitmap"},{"file":"betterhud:chars/j.png","chars":[""],"height":16,"ascent":-17,"type":"bitmap"},{"file":"betterhud:chars/j-big.png","chars":[""],"height":16,"ascent":-16,"type":"bitmap"},{"file":"betterhud:chars/k.png","chars":[""],"height":16,"ascent":-16,"type":"bitmap"},{"file":"betterhud:chars/k-big.png","chars":[""],"height":16,"ascent":-16,"type":"bitmap"},{"file":"betterhud:chars/l.png","chars":[""],"height":16,"ascent":-16,"type":"bitmap"},{"file":"betterhud:chars/l-big.png","chars":[""],"height":16,"ascent":-16,"type":"bitmap"},{"file":"betterhud:chars/m.png","chars":[""],"height":16,"ascent":-16,"type":"bitmap"},{"file":"betterhud:chars/m-big.png","chars":[""],"height":16,"ascent":-16,"type":"bitmap"},{"file":"betterhud:chars/n.png","chars":[""],"height":16,"ascent":-16,"type":"bitmap"},{"file":"betterhud:chars/n-big.png","chars":[""],"height":16,"ascent":-16,"type":"bitmap"},{"file":"betterhud:chars/o.png","chars":[""],"height":16,"ascent":-16,"type":"bitmap"},{"file":"betterhud:chars/o-big.png","chars":[""],"height":16,"ascent":-16,"type":"bitmap"},{"file":"betterhud:chars/p.png","chars":[""],"height":16,"ascent":-17,"type":"bitmap"},{"file":"betterhud:chars/p-big.png","chars":[""],"height":16,"ascent":-16,"type":"bitmap"},{"file":"betterhud:chars/q.png","chars":[""],"height":16,"ascent":-17,"type":"bitmap"},{"file":"betterhud:chars/q-big.png","chars":[""],"height":16,"ascent":-16,"type":"bitmap"},{"file":"betterhud:chars/r.png","chars":[""],"height":16,"ascent":-16,"type":"bitmap"},{"file":"betterhud:chars/r-big.png","chars":[""],"height":16,"ascent":-16,"type":"bitmap"},{"file":"betterhud:chars/s.png","chars":[""],"height":16,"ascent":-16,"type":"bitmap"},{"file":"betterhud:chars/s-big.png","chars":[""],"height":16,"ascent":-16,"type":"bitmap"},{"file":"betterhud:chars/t.png","chars":[""],"height":16,"ascent":-16,"type":"bitmap"},{"file":"betterhud:chars/t-big.png","chars":[""],"height":16,"ascent":-16,"type":"bitmap"},{"file":"betterhud:chars/u.png","chars":[""],"height":16,"ascent":-16,"type":"bitmap"},{"file":"betterhud:chars/u-big.png","chars":[""],"height":16,"ascent":-16,"type":"bitmap"},{"file":"betterhud:chars/v.png","chars":[""],"height":16,"ascent":-16,"type":"bitmap"},{"file":"betterhud:chars/v-big.png","chars":[""],"height":16,"ascent":-16,"type":"bitmap"},{"file":"betterhud:chars/w.png","chars":[""],"height":16,"ascent":-16,"type":"bitmap"},{"file":"betterhud:chars/w-big.png","chars":[""],"height":16,"ascent":-16,"type":"bitmap"},{"file":"betterhud:chars/x.png","chars":[""],"height":16,"ascent":-16,"type":"bitmap"},{"file":"betterhud:chars/x-big.png","chars":[""],"height":16,"ascent":-16,"type":"bitmap"},{"file":"betterhud:chars/y.png","chars":[""],"height":16,"ascent":-17,"type":"bitmap"},{"file":"betterhud:chars/y-big.png","chars":[""],"height":16,"ascent":-16,"type":"bitmap"},{"file":"betterhud:chars/z.png","chars":[""],"height":16,"ascent":-16,"type":"bitmap"},{"file":"betterhud:chars/z-big.png","chars":[""],"height":16,"ascent":-16,"type":"bitmap"},{"file":"betterhud:images/example.png","chars":[""],"height":16,"ascent":-8,"type":"bitmap"},{"file":"betterhud:chars/comma.png","chars":[""],"height":8,"ascent":-17,"type":"bitmap"},{"file":"betterhud:chars/dot.png","chars":[""],"height":8,"ascent":-16,"type":"bitmap"},{"file":"betterhud:chars/minus.png","chars":[""],"height":8,"ascent":-16,"type":"bitmap"},{"file":"betterhud:chars/low_line.png","chars":[""],"height":8,"ascent":-16,"type":"bitmap"},{"file":"betterhud:chars/exclamation_mark.png","chars":[""],"height":8,"ascent":-16,"type":"bitmap"},{"file":"betterhud:chars/question_mark.png","chars":[""],"height":8,"ascent":-16,"type":"bitmap"},{"file":"betterhud:chars/slash.png","chars":[""],"height":8,"ascent":-16,"type":"bitmap"},{"file":"betterhud:chars/back_slash.png","chars":[""],"height":8,"ascent":-16,"type":"bitmap"},{"file":"betterhud:chars/left_parenthesis.png","chars":[""],"height":8,"ascent":-16,"type":"bitmap"},{"file":"betterhud:chars/right_parenthesis.png","chars":[""],"height":8,"ascent":-16,"type":"bitmap"},{"file":"betterhud:chars/left_square_bracket.png","chars":[""],"height":8,"ascent":-16,"type":"bitmap"},{"file":"betterhud:chars/right_square_bracket.png","chars":[""],"height":8,"ascent":-16,"type":"bitmap"},{"file":"betterhud:chars/at.png","chars":[""],"height":8,"ascent":-16,"type":"bitmap"},{"file":"betterhud:chars/hashtag.png","chars":[""],"height":8,"ascent":-16,"type":"bitmap"},{"file":"betterhud:chars/colon.png","chars":[""],"height":8,"ascent":-16,"type":"bitmap"},{"file":"betterhud:chars/semicolon.png","chars":[""],"height":8,"ascent":-16,"type":"bitmap"},{"file":"betterhud:chars/plus.png","chars":[""],"height":8,"ascent":-16,"type":"bitmap"},{"file":"betterhud:chars/percent.png","chars":[""],"height":8,"ascent":-16,"type":"bitmap"},{"file":"betterhud:chars/equal.png","chars":[""],"height":8,"ascent":-16,"type":"bitmap"},{"file":"betterhud:chars/less_than.png","chars":[""],"height":8,"ascent":-16,"type":"bitmap"},{"file":"betterhud:chars/greater_than.png","chars":[""],"height":8,"ascent":-16,"type":"bitmap"},{"file":"betterhud:chars/asterisk.png","chars":[""],"height":8,"ascent":-16,"type":"bitmap"},{"file":"betterhud:integers/0.png","chars":[""],"height":8,"ascent":-16,"type":"bitmap"},{"file":"betterhud:integers/1.png","chars":[""],"height":8,"ascent":-16,"type":"bitmap"},{"file":"betterhud:integers/2.png","chars":[""],"height":8,"ascent":-16,"type":"bitmap"},{"file":"betterhud:integers/3.png","chars":[""],"height":8,"ascent":-16,"type":"bitmap"},{"file":"betterhud:integers/4.png","chars":[""],"height":8,"ascent":-16,"type":"bitmap"},{"file":"betterhud:integers/5.png","chars":[""],"height":8,"ascent":-16,"type":"bitmap"},{"file":"betterhud:integers/6.png","chars":[""],"height":8,"ascent":-16,"type":"bitmap"},{"file":"betterhud:integers/7.png","chars":[""],"height":8,"ascent":-16,"type":"bitmap"},{"file":"betterhud:integers/8.png","chars":[""],"height":8,"ascent":-16,"type":"bitmap"},{"file":"betterhud:integers/9.png","chars":[""],"height":8,"ascent":-16,"type":"bitmap"},{"file":"betterhud:chars/a.png","chars":[""],"height":8,"ascent":-16,"type":"bitmap"},{"file":"betterhud:chars/a-big.png","chars":[""],"height":8,"ascent":-16,"type":"bitmap"},{"file":"betterhud:chars/b.png","chars":[""],"height":8,"ascent":-16,"type":"bitmap"},{"file":"betterhud:chars/b-big.png","chars":[""],"height":8,"ascent":-16,"type":"bitmap"},{"file":"betterhud:chars/c.png","chars":[""],"height":8,"ascent":-16,"type":"bitmap"},{"file":"betterhud:chars/c-big.png","chars":[""],"height":8,"ascent":-16,"type":"bitmap"},{"file":"betterhud:chars/d.png","chars":[""],"height":8,"ascent":-16,"type":"bitmap"},{"file":"betterhud:chars/d-big.png","chars":[""],"height":8,"ascent":-16,"type":"bitmap"},{"file":"betterhud:chars/e.png","chars":[""],"height":8,"ascent":-16,"type":"bitmap"},{"file":"betterhud:chars/e-big.png","chars":[""],"height":8,"ascent":-16,"type":"bitmap"},{"file":"betterhud:chars/f.png","chars":[""],"height":8,"ascent":-16,"type":"bitmap"},{"file":"betterhud:chars/f-big.png","chars":[""],"height":8,"ascent":-16,"type":"bitmap"},{"file":"betterhud:chars/g.png","chars":[""],"height":8,"ascent":-17,"type":"bitmap"},{"file":"betterhud:chars/g-big.png","chars":[""],"height":8,"ascent":-16,"type":"bitmap"},{"file":"betterhud:chars/h.png","chars":[""],"height":8,"ascent":-16,"type":"bitmap"},{"file":"betterhud:chars/h-big.png","chars":[""],"height":8,"ascent":-16,"type":"bitmap"},{"file":"betterhud:chars/i.png","chars":[""],"height":8,"ascent":-16,"type":"bitmap"},{"file":"betterhud:chars/i-big.png","chars":[""],"height":8,"ascent":-16,"type":"bitmap"},{"file":"betterhud:chars/j.png","chars":[""],"height":8,"ascent":-17,"type":"bitmap"},{"file":"betterhud:chars/j-big.png","chars":[""],"height":8,"ascent":-16,"type":"bitmap"},{"file":"betterhud:chars/k.png","chars":[""],"height":8,"ascent":-16,"type":"bitmap"},{"file":"betterhud:chars/k-big.png","chars":[""],"height":8,"ascent":-16,"type":"bitmap"},{"file":"betterhud:chars/l.png","chars":[""],"height":8,"ascent":-16,"type":"bitmap"},{"file":"betterhud:chars/l-big.png","chars":[""],"height":8,"ascent":-16,"type":"bitmap"},{"file":"betterhud:chars/m.png","chars":[""],"height":8,"ascent":-16,"type":"bitmap"},{"file":"betterhud:chars/m-big.png","chars":[""],"height":8,"ascent":-16,"type":"bitmap"},{"file":"betterhud:chars/n.png","chars":[""],"height":8,"ascent":-16,"type":"bitmap"},{"file":"betterhud:chars/n-big.png","chars":[""],"height":8,"ascent":-16,"type":"bitmap"},{"file":"betterhud:chars/o.png","chars":[""],"height":8,"ascent":-16,"type":"bitmap"},{"file":"betterhud:chars/o-big.png","chars":[""],"height":8,"ascent":-16,"type":"bitmap"},{"file":"betterhud:chars/p.png","chars":[""],"height":8,"ascent":-17,"type":"bitmap"},{"file":"betterhud:chars/p-big.png","chars":[""],"height":8,"ascent":-16,"type":"bitmap"},{"file":"betterhud:chars/q.png","chars":[""],"height":8,"ascent":-17,"type":"bitmap"},{"file":"betterhud:chars/q-big.png","chars":[""],"height":8,"ascent":-16,"type":"bitmap"},{"file":"betterhud:chars/r.png","chars":[""],"height":8,"ascent":-16,"type":"bitmap"},{"file":"betterhud:chars/r-big.png","chars":[""],"height":8,"ascent":-16,"type":"bitmap"},{"file":"betterhud:chars/s.png","chars":[""],"height":8,"ascent":-16,"type":"bitmap"},{"file":"betterhud:chars/s-big.png","chars":[""],"height":8,"ascent":-16,"type":"bitmap"},{"file":"betterhud:chars/t.png","chars":[""],"height":8,"ascent":-16,"type":"bitmap"},{"file":"betterhud:chars/t-big.png","chars":[""],"height":8,"ascent":-16,"type":"bitmap"},{"file":"betterhud:chars/u.png","chars":[""],"height":8,"ascent":-16,"type":"bitmap"},{"file":"betterhud:chars/u-big.png","chars":[""],"height":8,"ascent":-16,"type":"bitmap"},{"file":"betterhud:chars/v.png","chars":[""],"height":8,"ascent":-16,"type":"bitmap"},{"file":"betterhud:chars/v-big.png","chars":[""],"height":8,"ascent":-16,"type":"bitmap"},{"file":"betterhud:chars/w.png","chars":[""],"height":8,"ascent":-16,"type":"bitmap"},{"file":"betterhud:chars/w-big.png","chars":[""],"height":8,"ascent":-16,"type":"bitmap"},{"file":"betterhud:chars/x.png","chars":[""],"height":8,"ascent":-16,"type":"bitmap"},{"file":"betterhud:chars/x-big.png","chars":[""],"height":8,"ascent":-16,"type":"bitmap"},{"file":"betterhud:chars/y.png","chars":[""],"height":8,"ascent":-17,"type":"bitmap"},{"file":"betterhud:chars/y-big.png","chars":[""],"height":8,"ascent":-16,"type":"bitmap"},{"file":"betterhud:chars/z.png","chars":[""],"height":8,"ascent":-16,"type":"bitmap"},{"file":"betterhud:chars/z-big.png","chars":[""],"height":8,"ascent":-16,"type":"bitmap"},{"file":"tab:online.png","chars":["𓈮"],"height":12,"ascent":8,"type":"bitmap"},{"file":"tab:time.png","chars":["𓈯"],"height":10,"ascent":8,"type":"bitmap"},{"file":"tab:earth.png","chars":["𓈰"],"height":10,"ascent":8,"type":"bitmap"},{"file":"tab:money.png","chars":["𓈱"],"height":10,"ascent":8,"type":"bitmap"},{"file":"tab:autumn.png","chars":["𓈲"],"height":30,"ascent":5,"type":"bitmap"},{"file":"tab:summer.png","chars":["𓈳"],"height":30,"ascent":5,"type":"bitmap"},{"file":"tab:winter.png","chars":["𓈴"],"height":30,"ascent":5,"type":"bitmap"},{"file":"tab:spring.png","chars":["𓈵"],"height":30,"ascent":5,"type":"bitmap"},{"file":"emojis:amongus.png","chars":[""],"height":10,"ascent":8,"type":"bitmap"},{"file":"emojis:eyes.png","chars":[""],"height":10,"ascent":8,"type":"bitmap"},{"file":"emojis:joy.png","chars":[""],"height":10,"ascent":8,"type":"bitmap"},{"file":"emojis:joy_2.png","chars":[""],"height":10,"ascent":8,"type":"bitmap"},{"file":"emojis:angel.png","chars":[""],"height":10,"ascent":8,"type":"bitmap"},{"file":"emojis:stunned.png","chars":[""],"height":10,"ascent":8,"type":"bitmap"},{"file":"emojis:skull.png","chars":[""],"height":10,"ascent":8,"type":"bitmap"},{"file":"emojis:confused.png","chars":[""],"height":10,"ascent":8,"type":"bitmap"},{"file":"emojis:confused_2.png","chars":[""],"height":10,"ascent":8,"type":"bitmap"},{"file":"emojis:frozen.png","chars":[""],"height":10,"ascent":8,"type":"bitmap"},{"file":"emojis:contagious.png","chars":[""],"height":10,"ascent":8,"type":"bitmap"},{"file":"emojis:dislike.png","chars":[""],"height":10,"ascent":8,"type":"bitmap"},{"file":"emojis:sleeping.png","chars":[""],"height":10,"ascent":8,"type":"bitmap"},{"file":"emojis:elegant.png","chars":[""],"height":10,"ascent":8,"type":"bitmap"},{"file":"emojis:fachero.png","chars":[""],"height":10,"ascent":8,"type":"bitmap"},{"file":"emojis:fascinated.png","chars":[""],"height":10,"ascent":8,"type":"bitmap"},{"file":"emojis:angry.png","chars":[""],"height":10,"ascent":8,"type":"bitmap"},{"file":"emojis:wink.png","chars":[""],"height":10,"ascent":8,"type":"bitmap"},{"file":"emojis:scream.png","chars":[""],"height":10,"ascent":8,"type":"bitmap"},{"file":"emojis:like.png","chars":[""],"height":10,"ascent":8,"type":"bitmap"},{"file":"emojis:cry.png","chars":[""],"height":10,"ascent":8,"type":"bitmap"},{"file":"emojis:nerd.png","chars":[""],"height":10,"ascent":8,"type":"bitmap"},{"file":"emojis:nausea.png","chars":[""],"height":10,"ascent":8,"type":"bitmap"},{"file":"emojis:eyes_hearts.png","chars":[""],"height":10,"ascent":8,"type":"bitmap"},{"file":"emojis:concerned.png","chars":[""],"height":10,"ascent":8,"type":"bitmap"},{"file":"emojis:pull_tongue.png","chars":[""],"height":10,"ascent":8,"type":"bitmap"},{"file":"emojis:without_expresion.png","chars":[""],"height":10,"ascent":8,"type":"bitmap"},{"file":"emojis:smiling.png","chars":[""],"height":10,"ascent":8,"type":"bitmap"},{"file":"emojis:sad.png","chars":[""],"height":10,"ascent":8,"type":"bitmap"},{"file":"emojis:sad_2.png","chars":[""],"height":10,"ascent":8,"type":"bitmap"},{"file":"emojis:vomit.png","chars":[""],"height":10,"ascent":8,"type":"bitmap"},{"file":"emojis:heart.png","chars":[""],"height":10,"ascent":8,"type":"bitmap"},{"file":"emojis:broken_heart.png","chars":[""],"height":10,"ascent":8,"type":"bitmap"},{"file":"emojis:yellow_heart.png","chars":[""],"height":10,"ascent":8,"type":"bitmap"},{"file":"emojis:green_heart.png","chars":[""],"height":10,"ascent":8,"type":"bitmap"},{"file":"emojis:purple_heart.png","chars":[""],"height":10,"ascent":8,"type":"bitmap"},{"file":"emojis:blue_heart.png","chars":[""],"height":10,"ascent":8,"type":"bitmap"},{"file":"emojis:gif.png","chars":[""],"height":10,"ascent":8,"type":"bitmap"},{"file":"emojis:demon.png","chars":[""],"height":10,"ascent":8,"type":"bitmap"},{"file":"emojis:to_sigh.png","chars":[""],"height":10,"ascent":8,"type":"bitmap"},{"file":"emojis:sneeze.png","chars":[""],"height":10,"ascent":8,"type":"bitmap"},{"file":"emojis:gg.png","chars":[""],"height":10,"ascent":8,"type":"bitmap"},{"file":"betterranks:font/rank/new.png","chars":[""],"height":9,"ascent":8,"type":"bitmap"},{"file":"betterranks:font/rank/warrior.png","chars":[""],"height":9,"ascent":8,"type":"bitmap"},{"file":"betterranks:font/rank/enchanter.png","chars":[""],"height":9,"ascent":8,"type":"bitmap"},{"file":"betterranks:font/rank/dev.png","chars":[""],"height":9,"ascent":8,"type":"bitmap"},{"file":"betterranks:font/rank/vip.png","chars":[""],"height":9,"ascent":8,"type":"bitmap"},{"file":"betterranks:font/rank/vipplus.png","chars":[""],"height":9,"ascent":8,"type":"bitmap"},{"file":"z_iainternal:gui/no_recipe.png","chars":[""],"height":170,"ascent":47,"type":"bitmap"},{"file":"z_iainternal:gui/crafting.png","chars":[""],"height":170,"ascent":47,"type":"bitmap"},{"file":"z_iainternal:gui/cooking.png","chars":[""],"height":170,"ascent":47,"type":"bitmap"},{"file":"z_iainternal:gui/blank_menu.png","chars":[""],"height":170,"ascent":47,"type":"bitmap"},{"file":"z_iainternal:gui/anvil_repair.png","chars":[""],"height":170,"ascent":47,"type":"bitmap"}]}
"],"height":170,"ascent":47,"type":"bitmap"},{"file":"z_iainternal:gui/anvil_repair.png","chars":[""],"height":170,"ascent":47,"type":"bitmap"}]}
